Date,close,high,low,open,volume
2019-04-16,185.78,185.79,183.40,185.55,12195911
2019-04-15,183.07,188.17,182.56,188.06,14616599
2019-04-12,188.91,189.79,187.14,187.71,12600038
2019-04-11,184.98,186.06,183.75,185.15,8900299
2019-04-10,186.19,187.40,184.00,186.69,10655022
2019-04-09,187.19,187.89,186.16,186.49,11578209
2019-04-08,186.50,187.82,184.01,184.19,14725576
2019-04-05,185.35,185.50,182.00,182.51,18705035
2019-04-04,181.07,181.96,176.89,177.04,17002465
2019-04-03,178.32,180.70,176.76,179.51,26819027
2019-04-02,181.74,183.56,180.95,181.46,8021500
2019-04-01,180.89,185.56,180.89,185.09,12714767
2019-03-29,182.45,182.60,179.00,180.73,13850865
2019-03-28,177.73,178.53,175.97,177.47,7232992
2019-03-27,177.03,179.83,176.91,177.70,8370972
2019-03-26,178.08,180.65,177.10,179.70,7897854
2019-03-25,178.77,178.90,174.10,174.33,7511447
2019-03-22,176.26,180.48,175.34,179.77,11688442
2019-03-21,181.50,181.73,178.52,178.95,9754460
2019-03-20,181.28,181.95,178.43,180.94,15901452
2019-03-19,182.14,183.36,180.85,181.63,10238626
2019-03-18,181.83,182.89,180.76,181.93,7847801
2019-03-15,180.97,181.45,179.66,180.66,10844077
2019-03-14,180.36,180.82,178.01,179.06,9272010
2019-03-13,180.70,182.54,179.26,180.73,8868194
2019-03-12,180.63,182.18,179.51,182.04,8659992
2019-03-11,180.41,181.72,177.58,177.83,13764041
2019-03-08,175.03,175.35,171.57,171.57,14674221
2019-03-07,177.32,181.80,176.73,180.91,16488914
2019-03-06,184.17,185.59,183.02,184.38,10009110
2019-03-05,185.00,188.08,185.00,186.94,11513174
2019-03-04,187.25,187.34,184.46,186.00,14761686
2019-03-01,183.88,186.90,183.38,185.09,14348493
2019-02-28,183.03,184.30,181.47,183.01,12370403
2019-02-27,184.58,184.93,180.88,181.72,16741572
2019-02-26,183.54,184.35,179.37,179.79,13870985
2019-02-25,183.25,183.72,180.73,181.26,22831795
2019-02-22,176.92,177.02,172.52,172.80,16175610
2019-02-21,171.66,171.78,169.80,171.00,8434769
2019-02-20,170.71,172.68,170.61,171.00,12454903
2019-02-19,170.18,171.15,166.50,166.98,12982304
2019-02-15,166.15,168.77,165.41,168.61,12099523
2019-02-14,168.38,168.50,166.61,167.64,8722094
2019-02-13,169.40,171.05,168.99,169.91,8661819
2019-02-12,168.71,170.49,168.61,169.60,8594401
2019-02-11,167.45,170.33,167.45,168.85,7260318
2019-02-08,167.36,167.65,163.75,163.83,8331463
2019-02-07,166.96,169.61,164.34,169.16,11911130
2019-02-06,171.52,173.09,169.99,171.86,11267804
2019-02-05,171.83,171.95,168.00,168.55,12801793
2019-02-04,166.70,167.55,165.61,166.32,7380402
2019-02-01,167.97,169.40,167.63,168.00,10771453
2019-01-31,168.49,169.73,165.70,167.80,21219504
2019-01-30,166.82,167.84,160.50,161.29,36997728
2019-01-29,156.88,160.37,155.92,159.04,18348230
2019-01-28,158.92,159.69,155.30,157.80,10141096
2019-01-25,159.21,160.50,157.43,158.91,16459555
2019-01-24,155.86,156.00,151.21,151.47,10997894
2019-01-23,152.03,155.18,150.95,154.65,10195792
2019-01-22,152.15,155.44,150.21,154.40,21294975
2019-01-18,157.02,159.49,154.73,158.45,19611360
2019-01-17,155.97,158.55,151.90,152.11,16153189
2019-01-16,154.84,155.39,151.50,152.81,14810795
2019-01-15,150.88,154.17,149.96,150.68,15003064
2019-01-14,149.27,150.57,146.54,148.50,13356749
2019-01-11,151.32,153.38,150.14,151.83,9589415
2019-01-10,151.69,152.03,148.88,149.81,14221099
2019-01-09,151.92,153.35,148.50,149.89,20214074
2019-01-08,146.79,147.55,142.06,145.00,16487647
2019-01-07,143.10,144.08,139.01,140.55,17238999
2019-01-04,139.75,141.08,133.66,134.26,22845435
2019-01-03,130.60,134.87,129.83,134.27,19531256
2019-01-02,136.70,137.75,133.03,134.13,16708377
2018-12-31,137.07,142.02,136.04,141.83,11186358
2018-12-28,139.09,140.98,136.79,139.20,11955273
2018-12-27,138.45,138.45,133.89,135.05,11457388
2018-12-26,138.00,138.02,130.18,132.87,14862443
2018-12-24,131.89,134.57,129.77,130.00,11240722
2018-12-21,132.00,137.19,130.23,137.08,28790626
2018-12-20,135.11,137.76,132.91,135.83,24103820
2018-12-19,137.14,141.32,135.73,141.04,27657760
2018-12-18,140.82,144.75,140.11,144.28,17846648
2018-12-17,143.98,147.94,142.24,146.50,15788110
2018-12-14,149.00,150.70,145.72,147.71,15560693
2018-12-13,151.48,153.46,150.52,153.05,12255795
2018-12-12,151.50,156.17,151.43,155.24,16619239
2018-12-11,151.83,156.24,150.90,155.26,13651857
2018-12-10,151.43,152.81,147.48,150.39,15525490
2018-12-07,153.06,158.05,151.73,155.40,17447930
2018-12-06,155.83,155.87,150.51,153.00,25335464
2018-12-04,158.34,164.98,156.46,164.88,22198642
2018-12-03,163.74,168.80,163.51,168.64,31078508
2018-11-30,160.86,160.86,156.72,157.90,35071161
2018-11-29,156.28,159.00,153.54,158.08,20532236
2018-11-28,159.34,159.80,155.26,159.01,20767058
2018-11-27,156.46,157.94,153.58,154.64,17911799
2018-11-26,156.01,156.53,152.37,153.21,16152683
2018-11-23,150.33,151.17,147.00,147.30,7437479
2018-11-21,149.41,151.48,148.65,149.06,14718565
2018-11-20,145.98,148.07,142.82,144.48,19473181
2018-11-19,149.53,153.21,148.77,152.02,18087831
2018-11-16,154.10,155.80,152.14,155.04,20039383
2018-11-15,156.22,157.40,150.89,152.90,30083471
2018-11-14,150.44,152.15,148.44,150.21,21785982
2018-11-13,146.98,149.94,143.91,144.83,19575072
2018-11-12,142.82,146.41,139.97,145.01,16516466
2018-11-09,144.85,145.72,142.48,145.57,16220003
2018-11-08,148.99,151.88,146.69,150.99,17067089
2018-11-07,152.50,152.80,148.94,150.77,17884385
2018-11-06,147.44,149.96,145.32,145.87,17849812
2018-11-05,144.64,149.37,144.23,146.22,16197269
2018-11-02,147.59,154.36,146.28,152.56,45985757
2018-11-01,151.25,152.32,138.62,144.98,47039304
2018-10-31,142.28,142.65,139.14,141.35,23654569
2018-10-30,136.33,136.40,130.06,132.28,25230037
2018-10-29,133.38,144.00,131.36,142.42,35121699
2018-10-26,142.87,145.83,138.55,139.00,19476905
2018-10-25,144.60,144.91,141.01,142.50,13655058
2018-10-24,139.61,146.69,139.34,145.18,18512321
2018-10-23,146.65,147.51,142.62,143.22,19950477
2018-10-22,148.80,150.20,146.10,148.99,22589283
2018-10-19,142.93,146.77,142.61,145.34,14855111
2018-10-18,142.02,146.28,140.80,145.85,20618895
2018-10-17,148.14,150.68,146.37,150.68,16872420
2018-10-16,149.60,149.76,145.26,145.71,18365917
2018-10-15,144.16,145.69,142.30,144.77,18567106
2018-10-12,147.29,149.00,144.52,148.62,30764436
2018-10-11,141.90,142.91,135.14,135.53,43210320
2018-10-10,138.29,144.00,137.92,142.50,55828758
2018-10-09,146.94,150.59,146.47,147.97,31070230
2018-10-08,151.14,152.64,148.34,150.20,25060388
2018-10-05,154.63,157.12,152.25,156.14,20270970
2018-10-04,156.13,160.08,153.87,160.06,32176131
2018-10-03,162.37,164.54,161.93,163.15,13118816
2018-10-02,160.23,161.03,158.27,159.79,14730480
2018-10-01,162.00,165.95,161.56,165.92,10615171
2018-09-28,164.76,165.66,163.30,164.90,10486460
2018-09-27,166.32,167.05,164.92,166.39,12689166
2018-09-26,165.40,167.39,164.87,165.52,13592549
2018-09-25,164.25,165.44,162.83,164.05,9588722
2018-09-24,163.16,163.40,160.10,162.81,13123393
2018-09-21,164.63,169.84,164.50,169.46,22081900
2018-09-20,165.88,167.70,164.72,166.89,22818127
2018-09-19,162.63,163.13,158.82,158.82,23028307
2018-09-18,156.65,159.40,155.52,156.88,27240576
2018-09-17,158.89,161.65,158.29,161.50,20423197
2018-09-14,164.74,168.00,163.38,167.88,23417709
2018-09-13,165.53,167.22,164.01,165.41,25696478
2018-09-12,161.46,162.82,156.18,158.20,32490453
2018-09-11,157.46,158.45,152.85,153.18,25913010
2018-09-10,156.36,160.72,155.00,158.59,39092736
2018-09-07,162.37,164.61,159.51,159.95,19452377
2018-09-06,159.87,166.48,158.67,164.16,33051954
2018-09-05,164.23,168.28,162.03,167.48,35694744
2018-09-04,170.44,173.95,169.00,173.50,23450454
2018-08-31,175.01,176.68,172.76,173.11,13730845
2018-08-30,174.60,178.10,174.12,177.33,17086172
2018-08-29,178.50,179.66,176.83,179.35,11911063
2018-08-28,178.19,182.38,177.50,182.15,15319030
2018-08-27,180.65,180.88,176.22,177.10,23533814
2018-08-24,174.23,176.37,172.45,175.00,30442809
2018-08-23,172.23,186.50,171.91,184.97,78843385
2018-08-22,177.85,179.74,175.50,178.15,27138492
2018-08-21,177.92,179.67,176.97,177.63,20337389
2018-08-20,176.29,178.86,174.36,175.22,25900658
2018-08-17,172.78,174.20,168.38,172.52,24695359
2018-08-16,171.99,175.70,171.57,172.33,34263288
2018-08-15,169.83,169.85,165.39,167.11,41278613
2018-08-14,172.53,176.20,170.77,175.14,38508592
2018-08-13,177.68,180.65,177.00,179.65,14680647
2018-08-10,180.01,180.45,174.75,175.57,22049178
2018-08-09,177.19,180.63,176.76,179.31,35220934
2018-08-08,177.52,180.18,176.55,180.00,21152413
2018-08-07,179.92,183.00,179.74,180.29,20620300
2018-08-06,178.62,180.86,177.49,180.70,35418962
2018-08-03,180.84,184.50,180.08,184.15,18185065
2018-08-02,182.60,182.90,179.78,181.54,20976524
2018-08-01,185.27,189.06,183.96,186.00,14370748
2018-07-31,187.23,188.95,183.99,186.40,17016639
2018-07-30,184.82,190.59,182.06,190.22,19906278
2018-07-27,189.42,196.27,186.93,196.10,19916587
2018-07-26,194.18,196.12,192.62,193.21,13885520
2018-07-25,197.98,198.35,190.14,190.61,20739329
2018-07-24,189.00,193.07,188.35,190.19,18414763
2018-07-23,187.04,187.81,184.80,187.18,10996150
2018-07-20,187.25,189.50,186.61,189.49,12812654
2018-07-19,187.34,189.68,186.87,188.68,13373064
2018-07-18,190.79,193.23,189.91,192.45,10796602
2018-07-17,192.66,192.95,187.90,188.65,13270692
2018-07-16,190.35,191.37,189.15,189.57,12205645
2018-07-13,190.04,192.12,189.30,191.61,12557906
2018-07-12,190.17,192.58,189.79,190.77,17440353
2018-07-11,187.42,190.05,187.42,188.60,15947024
2018-07-10,192.55,195.13,191.48,192.89,12611428
2018-07-09,192.75,194.69,190.87,194.45,15466403
2018-07-06,192.27,192.49,185.54,186.01,17035621
2018-07-05,186.88,187.44,182.90,187.17,18412131
2018-07-03,184.75,188.50,184.36,187.88,11673699
2018-07-02,186.36,186.36,181.06,181.66,17325917
2018-06-29,185.53,188.97,184.26,185.36,26023406
2018-06-28,188.38,188.96,182.04,183.20,19553796
2018-06-27,185.02,193.60,184.89,193.46,23886981
2018-06-26,191.42,193.66,188.42,193.34,20740355
2018-06-25,191.25,198.10,187.86,197.85,32750867
2018-06-22,202.01,203.80,200.25,203.38,9623582
2018-06-21,202.21,206.00,201.04,205.84,13963829
2018-06-20,206.23,207.23,205.02,205.05,15559583
2018-06-19,204.43,204.51,199.50,203.53,24484164
2018-06-18,208.57,208.60,203.88,205.16,14645182
2018-06-15,208.00,210.08,206.01,207.49,28665573
2018-06-14,210.86,211.12,207.51,207.72,18838274
2018-06-13,206.62,209.65,206.60,209.44,13844190
2018-06-12,209.08,209.80,206.90,206.95,15910860
2018-06-11,205.70,207.60,205.01,206.50,12061370
2018-06-08,205.07,206.23,200.43,201.11,17525218
2018-06-07,203.62,209.00,200.88,207.46,26747768
2018-06-06,208.30,210.46,207.29,209.86,13800519
2018-06-05,208.37,211.70,207.13,209.95,17787704
2018-06-04,208.95,209.75,204.73,205.12,19357012
2018-06-01,204.34,204.99,199.45,199.50,23131917
2018-05-31,198.01,199.48,196.85,198.00,17982536
2018-05-30,197.98,200.54,197.50,199.70,13930634
2018-05-29,198.00,202.28,197.00,197.94,18768743
2018-05-25,199.20,201.50,197.21,197.57,21269952
2018-05-24,197.37,199.72,195.70,198.12,18527694
2018-05-23,196.80,196.90,192.80,193.88,12807376
2018-05-22,195.87,198.63,195.70,198.30,9700121
2018-05-21,197.64,199.79,196.40,197.80,13830526
2018-05-18,195.00,197.78,194.72,196.43,14242305
2018-05-17,196.02,198.43,195.57,196.00,13470547
2018-05-16,198.11,199.75,196.30,196.75,12887456
2018-05-15,196.61,196.78,193.86,195.23,12694857
2018-05-14,198.64,200.00,195.87,195.90,17627130
2018-05-11,194.36,196.46,193.38,196.40,12741110
2018-05-10,195.96,199.77,195.16,196.30,21295038
2018-05-09,195.43,197.38,194.50,195.84,13780627
2018-05-08,196.31,197.34,193.01,194.20,21856348
2018-05-07,195.35,196.60,190.30,190.41,29862192
2018-05-04,188.89,190.60,178.62,180.40,57788340
2018-05-03,182.45,183.59,175.77,183.50,26257648
2018-05-02,181.45,184.26,180.11,180.80,20681841
2018-05-01,179.50,180.32,177.44,177.58,10787699
2018-04-30,178.54,180.04,177.05,178.09,14653977
2018-04-27,177.16,178.20,174.01,177.11,15062517
2018-04-26,173.90,174.36,172.05,173.25,13398037
2018-04-25,170.22,171.30,166.64,170.52,17132871
2018-04-24,173.09,178.00,170.68,177.63,14567517
2018-04-23,175.57,179.32,174.71,178.63,12033892
2018-04-20,179.11,181.39,177.53,179.36,14473079
2018-04-19,181.39,183.63,179.52,183.26,11988977
2018-04-18,182.68,182.88,177.64,178.90,16972731
2018-04-17,178.70,179.34,174.83,174.83,16285805
2018-04-16,174.70,174.79,171.01,172.01,9876207
2018-04-13,172.04,176.80,171.07,176.72,13526198
2018-04-12,175.92,177.90,174.56,175.93,11133871
2018-04-11,175.36,178.16,174.74,176.48,10170536
2018-04-10,177.10,177.88,173.85,175.10,20596194
2018-04-09,169.87,172.72,168.61,169.75,14717312
2018-04-06,167.52,172.27,166.40,169.84,18209969
2018-04-05,172.57,176.56,171.17,175.48,18250947
2018-04-04,172.07,172.41,166.13,166.88,24573593
2018-04-03,174.67,179.58,173.00,179.26,19975067
2018-04-02,177.61,183.51,175.75,182.81,16028747
2018-03-29,183.54,185.13,178.62,180.88,16378866
2018-03-28,178.91,183.44,177.57,180.73,20081071
2018-03-27,181.89,192.25,180.66,192.24,16627873
2018-03-26,190.50,190.62,184.32,187.89,16758711
2018-03-23,181.20,188.48,180.40,186.85,18714404
2018-03-22,184.65,192.39,184.60,190.75,25355700
2018-03-21,195.30,198.88,194.57,198.80,12047301
2018-03-20,198.95,199.21,194.54,194.95,11952024
2018-03-19,194.53,198.43,192.80,198.00,19681421
2018-03-16,200.28,200.38,197.26,198.40,26948659
2018-03-15,199.06,201.50,196.52,198.44,33626797
2018-03-14,192.56,193.63,190.22,190.29,20032271
2018-03-13,188.41,194.25,187.39,193.88,14826665
2018-03-12,192.74,194.40,190.90,192.30,17826186
2018-03-09,190.55,190.70,188.01,189.64,14208356
2018-03-08,187.18,190.23,186.57,189.05,14331400
2018-03-07,189.05,189.07,184.32,184.37,13728910
2018-03-06,187.37,188.01,184.82,185.19,17856088
2018-03-05,181.60,181.95,177.07,179.41,15656661
2018-03-02,179.76,180.23,175.45,178.01,18909073
2018-03-01,181.99,187.48,180.05,186.18,17286309
2018-02-28,186.14,188.24,185.00,187.25,19367576
2018-02-27,188.26,193.57,187.21,192.59,23218450
2018-02-26,194.19,195.15,190.65,194.46,19463072
2018-02-23,193.29,193.41,189.95,190.18,16937275
2018-02-22,188.75,190.74,187.77,190.20,12282843
2018-02-21,188.82,193.17,188.46,189.37,22071585
2018-02-20,187.19,188.83,183.00,183.67,14854901
2018-02-16,183.68,188.27,183.54,186.75,16114051
2018-02-15,187.45,189.56,184.43,189.25,14361054
2018-02-14,186.76,186.93,178.90,179.22,21047363
2018-02-13,179.25,182.15,177.00,177.42,15506955
2018-02-12,177.44,180.79,175.09,180.44,18280259
2018-02-09,176.67,177.62,168.88,175.12,28049543
2018-02-08,173.70,183.10,171.39,182.27,32051274
2018-02-07,180.30,186.83,180.30,183.50,19672104
2018-02-06,185.17,185.59,174.17,174.72,35804470
2018-02-05,180.53,190.47,179.90,183.70,31083967
2018-02-02,187.31,195.68,186.80,194.79,32233916
2018-02-01,192.22,199.49,191.14,192.75,52628863
2018-01-31,204.29,206.20,202.80,202.82,26982494
2018-01-30,199.66,202.54,196.49,198.68,23377519
2018-01-29,203.01,205.69,201.82,204.83,21908591
2018-01-26,205.22,205.23,199.21,200.33,23768628
2018-01-25,198.33,199.59,194.10,196.34,23421605
2018-01-24,195.53,198.86,192.40,194.71,34497260
2018-01-23,192.28,192.40,183.54,185.28,31305926
2018-01-22,184.02,185.04,181.68,184.98,16016347
2018-01-19,184.05,185.24,182.80,185.15,15349322
2018-01-18,184.40,185.85,182.69,184.28,14190653
2018-01-17,183.83,184.80,179.32,183.30,21346502
2018-01-16,182.40,191.74,181.75,190.40,27428505
2018-01-12,187.79,190.20,187.25,189.91,11789627
2018-01-11,188.75,190.43,188.10,189.73,12400372
2018-01-10,189.79,190.39,186.58,188.10,17943839
2018-01-09,190.80,192.49,188.00,191.13,19495092
2018-01-08,190.33,191.66,189.07,190.46,16230147
2018-01-05,190.70,190.75,186.30,187.17,18168345
2018-01-04,185.71,187.75,184.43,185.90,19473795
2018-01-03,184.00,185.64,181.40,185.19,20121856
2018-01-02,183.65,184.10,175.70,176.40,29916943
2017-12-29,172.43,173.67,171.20,172.28,9704583
2017-12-28,172.30,173.53,171.67,173.04,9508057
2017-12-27,172.97,173.87,171.73,172.29,10152340
2017-12-26,172.33,175.15,171.73,174.55,12913823
2017-12-22,176.29,176.66,175.04,175.84,12524722
2017-12-21,175.32,176.25,172.65,172.80,14812355
2017-12-20,172.64,172.90,170.80,171.79,17121392
2017-12-19,171.28,173.00,170.51,171.97,23936180
2017-12-18,173.37,174.70,172.37,174.60,17023342
2017-12-15,173.55,173.55,170.00,172.89,41356671
2017-12-14,171.75,173.39,169.61,173.11,32830024
2017-12-13,176.47,177.70,174.30,175.19,18653366
2017-12-12,174.64,178.16,173.77,178.00,22656450
2017-12-11,179.29,180.68,178.15,179.19,15626196
2017-12-08,177.62,178.96,176.37,177.72,23543371
2017-12-07,174.47,175.82,172.26,173.76,15697869
2017-12-06,172.63,173.23,167.87,168.30,23897802
2017-12-05,168.96,172.96,164.25,165.28,31609904
2017-12-04,169.58,177.58,168.26,177.20,35895142
2017-12-01,174.61,179.80,173.80,175.27,26782304
2017-11-30,177.08,179.80,176.32,179.53,25851122
2017-11-29,179.91,185.41,173.62,185.25,40204058
2017-11-28,186.69,189.10,186.50,188.83,13378145
2017-11-27,188.03,191.45,187.55,190.49,14952763
2017-11-24,191.19,191.70,188.70,189.39,9887763
2017-11-22,189.84,191.75,189.37,191.54,14417615
2017-11-21,190.90,191.56,188.80,190.35,19639467
2017-11-20,188.00,190.00,186.61,187.60,25992271
2017-11-17,185.13,186.50,184.67,185.92,13422728
2017-11-16,185.43,186.27,183.12,183.31,18389473
2017-11-15,181.48,181.88,176.74,179.37,16566977
2017-11-14,181.79,184.38,181.15,184.30,14475342
2017-11-13,184.54,187.88,184.00,186.77,17185607
2017-11-10,186.41,187.17,185.40,187.03,15030991
2017-11-09,185.13,185.13,181.05,184.21,19755550
2017-11-08,185.90,188.15,185.10,187.98,13944586
2017-11-07,188.51,189.86,187.00,189.58,17780967
2017-11-06,187.84,188.25,184.00,184.07,19873148
2017-11-03,183.21,186.93,182.06,186.51,19697343
2017-11-02,184.81,191.22,183.31,190.99,41239871
2017-11-01,186.08,188.88,183.58,187.88,28594733
2017-10-31,184.89,185.12,181.81,183.57,21256673
2017-10-30,181.58,181.90,177.59,178.43,20219707
2017-10-27,176.15,177.00,171.11,173.19,19712550
2017-10-26,170.32,171.45,168.58,170.62,13527415
2017-10-25,170.22,175.44,169.30,174.69,18109375
2017-10-24,173.70,175.98,173.26,174.00,11945951
2017-10-23,173.13,178.01,173.05,177.80,17610931
2017-10-20,177.32,179.52,177.08,179.02,11953220
2017-10-19,177.93,179.61,175.45,177.00,13538966
2017-10-18,179.61,180.00,176.28,177.09,21766267
2017-10-17,175.32,180.12,175.30,179.58,20132223
2017-10-16,179.56,180.05,178.51,180.00,12855874
2017-10-13,178.45,181.40,177.97,180.96,18107742
2017-10-12,180.53,184.39,180.35,184.04,15441222
2017-10-11,184.69,184.70,182.60,183.00,11974445
2017-10-10,183.12,184.46,181.36,181.65,13201284
2017-10-09,182.09,183.13,178.75,178.97,15011614
2017-10-06,179.20,179.87,177.61,177.85,8743732
2017-10-05,178.89,179.73,176.03,179.00,11888554
2017-10-04,178.71,180.00,177.30,178.06,11415485
2017-10-03,178.56,178.78,173.61,176.06,16709711
2017-10-02,173.61,175.13,172.57,174.57,12557248
2017-09-29,172.71,173.54,170.74,171.11,13397934
2017-09-28,170.24,171.88,169.57,170.91,13948637
2017-09-27,170.99,171.95,169.45,169.84,19436338
2017-09-26,167.02,171.90,166.79,170.01,23690854
2017-09-25,169.59,177.00,167.50,176.48,34024307
2017-09-22,178.14,178.42,175.68,176.20,12743378
2017-09-21,177.39,178.86,175.30,178.05,14576290
2017-09-20,177.95,180.50,176.15,180.02,15391326
2017-09-19,180.07,180.87,179.25,180.69,14743409
2017-09-18,179.98,180.29,177.75,178.89,22913339
2017-09-15,176.70,179.75,176.70,177.90,26560724
2017-09-14,177.10,179.93,176.02,177.54,22809005
2017-09-13,178.97,179.10,175.56,175.75,22029865
2017-09-12,175.31,175.62,173.37,174.89,15622529
2017-09-11,174.06,174.20,171.50,171.50,18238506
2017-09-08,169.00,171.22,168.92,169.99,12341834
2017-09-07,170.48,170.97,168.00,169.26,15101028
2017-09-06,168.14,171.11,167.00,170.17,19982147
2017-09-05,169.92,171.93,168.74,169.47,15019626
2017-09-01,171.04,172.39,170.65,171.99,11163539
2017-08-31,171.74,172.90,170.25,172.54,16478570
2017-08-30,171.25,172.39,169.15,169.15,17756617
2017-08-29,167.41,169.23,164.35,165.15,19576998
2017-08-28,168.30,171.34,167.06,171.15,24588200
2017-08-25,171.74,174.94,171.11,174.80,24168074
2017-08-24,175.00,177.00,174.30,177.00,20781228
2017-08-23,175.80,176.23,172.75,172.90,21927498
2017-08-22,174.46,174.77,169.64,170.02,24463401
2017-08-21,169.25,170.60,166.98,168.29,22334169
2017-08-18,167.50,169.50,164.10,165.36,31479115
2017-08-17,163.92,168.00,163.51,166.12,56805678
2017-08-16,159.50,160.35,158.54,160.00,21268925
2017-08-15,157.75,158.32,154.00,155.74,18625250
2017-08-14,154.61,155.08,153.10,154.77,14579228
2017-08-11,151.70,152.57,147.50,150.51,22303760
2017-08-10,151.77,156.50,151.25,156.20,19296148
2017-08-09,157.49,157.71,155.20,156.05,11014424
2017-08-08,157.50,159.84,156.80,158.56,15430432
2017-08-07,158.84,158.99,154.37,154.83,15893533
2017-08-04,153.33,154.32,152.16,154.32,10031255
2017-08-03,153.32,153.80,149.60,152.10,12420551
2017-08-02,151.91,155.75,149.10,155.47,19522100
2017-08-01,154.73,156.61,153.80,156.25,12018647
2017-07-31,154.95,159.39,153.50,158.90,17774668
2017-07-28,157.56,158.96,152.82,153.96,14442501
2017-07-27,154.15,160.39,151.33,157.85,26048621
2017-07-26,155.79,156.00,152.36,152.53,14440368
2017-07-25,152.44,152.75,150.85,152.36,8455352
2017-07-24,152.26,153.23,151.60,152.77,10646137
2017-07-21,151.89,152.15,150.31,151.79,11447927
2017-07-20,152.11,154.12,151.84,153.96,16728453
2017-07-19,153.15,156.41,152.64,155.14,16890718
2017-07-18,153.75,154.60,150.48,151.08,15306833
2017-07-17,151.23,153.70,150.42,153.53,15333382
2017-07-14,151.83,152.25,149.69,150.12,11462883
2017-07-13,149.52,150.00,148.00,149.52,11676344
2017-07-12,149.00,149.30,146.85,147.38,14944503
2017-07-11,145.81,145.87,143.26,144.29,13512396
2017-07-10,143.81,144.16,142.25,143.00,10345440
2017-07-07,142.43,143.38,141.83,142.65,8038291
2017-07-06,142.20,143.62,141.83,143.01,11928789
2017-07-05,144.87,145.00,140.33,141.16,16988319
2017-07-03,140.99,142.49,139.50,141.75,6975712
2017-06-30,140.90,142.38,139.92,141.03,12273637
2017-06-29,140.81,143.56,137.52,143.16,24124653
2017-06-28,143.95,144.37,141.48,142.65,17751451
2017-06-27,141.53,144.38,141.10,143.90,17370584
2017-06-26,142.73,145.36,141.27,144.03,17826640
2017-06-23,143.01,143.34,141.60,142.10,11751376
2017-06-22,142.27,144.68,140.88,142.05,21890559
2017-06-21,143.29,143.50,138.02,138.82,30900055
2017-06-20,138.38,140.63,137.93,140.08,20570029
2017-06-19,139.47,140.40,137.40,137.81,24940028
2017-06-16,134.87,136.50,133.55,136.28,36428033
2017-06-15,135.08,135.67,133.10,135.64,30504654
2017-06-14,136.67,139.25,135.26,137.80,32852482
2017-06-13,136.60,142.24,135.90,141.88,40867992
2017-06-12,139.08,142.20,136.05,139.17,32173265
2017-06-09,139.44,148.29,137.01,144.57,54358697
2017-06-08,142.34,143.70,135.21,142.51,81347278
2017-06-07,125.64,125.91,124.11,125.08,9430262
2017-06-06,124.62,126.20,124.27,125.61,9256151
2017-06-05,125.37,125.56,123.87,124.02,10029921
2017-06-02,124.13,124.53,123.24,123.72,7341859
2017-06-01,123.97,124.00,122.26,122.82,8898143
2017-05-31,122.46,124.18,122.00,123.64,11580584
2017-05-30,123.91,124.88,123.53,124.08,8342615
2017-05-26,123.99,124.65,123.10,123.93,7557446
2017-05-25,123.63,124.45,122.31,123.74,12482993
2017-05-24,122.81,123.68,121.95,123.07,8375984
2017-05-23,122.93,125.68,122.85,124.67,14365717
2017-05-22,124.75,125.59,123.56,124.98,13487139
2017-05-19,123.22,126.40,123.07,123.96,21096408
2017-05-18,121.27,122.63,114.00,116.31,37111914
2017-05-17,120.72,123.89,120.50,123.25,19808839
2017-05-16,124.02,124.34,121.74,121.98,18193323
2017-05-15,121.40,121.49,120.03,121.03,11121635
2017-05-12,120.34,120.47,119.51,120.37,9820882
2017-05-11,120.16,120.50,118.25,120.13,11372828
2017-05-10,119.98,120.33,119.10,120.01,9344548
2017-05-09,120.00,120.00,118.07,118.62,15209986
2017-05-08,116.86,117.51,116.20,116.90,6461326
2017-05-05,116.04,116.15,114.80,116.05,7097296
2017-05-04,115.86,116.41,115.15,115.94,6977804
2017-05-03,116.57,118.00,115.12,117.95,10590212
2017-05-02,118.09,118.69,117.00,117.07,10047756
2017-05-01,116.68,117.24,115.50,115.63,7331383
2017-04-28,115.50,115.99,115.00,115.90,6984673
2017-04-27,115.43,115.96,114.83,115.00,9439595
2017-04-26,114.97,115.75,114.62,115.37,6675632
2017-04-25,115.48,115.82,114.80,115.54,11333042
2017-04-24,114.86,115.16,114.02,114.04,13382336
2017-04-21,113.11,113.17,112.30,112.80,8965358
2017-04-20,112.96,113.60,111.48,111.53,13773102
2017-04-19,110.76,112.20,110.57,111.99,9603207
2017-04-18,111.23,112.20,110.87,111.20,8304258
2017-04-17,111.76,111.87,110.30,110.91,7124816
2017-04-13,110.21,111.45,109.82,110.72,6856018
2017-04-12,110.63,111.70,110.31,110.50,8098670
2017-04-11,110.44,111.79,109.46,111.40,10011311
2017-04-10,111.70,111.88,108.84,109.00,14797779
2017-04-07,108.99,109.07,106.76,107.88,8352139
2017-04-06,108.04,108.42,107.15,107.59,5210843
2017-04-05,107.44,108.82,107.32,108.36,8199647
2017-04-04,107.52,108.26,106.88,107.87,6479163
2017-04-03,108.09,109.47,107.52,108.85,8390061
2017-03-31,107.83,109.12,107.78,108.50,9001134
2017-03-30,108.85,110.45,108.66,109.73,10590201
2017-03-29,109.51,109.74,107.69,107.97,8786726
2017-03-28,107.80,108.95,107.46,108.23,6469277
2017-03-27,108.08,108.19,106.51,106.65,7700626
2017-03-24,108.04,109.13,107.23,108.40,7577404
2017-03-23,108.25,108.83,106.44,106.95,13410143
2017-03-22,106.09,106.12,103.98,104.64,7151985
2017-03-21,105.09,108.70,104.70,108.46,13874580
2017-03-20,107.25,108.20,105.94,106.23,12447321
2017-03-17,105.61,106.50,104.86,105.17,8776535
2017-03-16,105.63,105.65,104.30,105.25,12442677
2017-03-15,103.69,104.49,102.60,104.37,11694769
2017-03-14,104.25,106.00,103.82,104.61,7747469
2017-03-13,105.18,106.25,103.47,103.52,16113249
2017-03-10,103.39,103.70,102.63,103.43,4119480
2017-03-09,103.24,103.75,102.76,102.97,4522629
2017-03-08,103.22,104.29,102.54,102.63,7065357
2017-03-07,102.63,103.31,102.11,102.30,4984972
2017-03-06,102.31,103.25,102.10,102.76,6289255
2017-03-03,103.31,103.42,102.44,102.99,6320211
2017-03-02,103.19,104.58,102.77,103.80,7981506
2017-03-01,104.04,104.99,103.21,103.68,10331088
2017-02-28,102.90,103.99,102.03,103.89,8014728
2017-02-27,103.60,103.83,102.22,102.50,6865650
2017-02-24,102.95,103.00,101.30,101.39,7356392
2017-02-23,102.46,104.86,101.82,104.72,10095258
2017-02-22,104.20,105.20,102.42,102.48,15778842
2017-02-21,102.12,102.54,100.91,101.03,8187899
2017-02-17,100.52,101.73,100.30,100.69,8256514
2017-02-16,100.82,102.10,100.50,101.86,7462539
2017-02-15,101.55,102.13,100.11,102.06,12381790
2017-02-14,101.59,103.60,100.90,103.14,10239860
2017-02-13,103.10,104.44,102.62,102.82,9724181
2017-02-10,102.36,103.94,102.31,103.88,7680112
2017-02-09,103.34,104.18,102.56,103.33,8428702
2017-02-08,103.57,103.99,101.16,101.55,10176865
2017-02-07,100.83,101.60,100.50,101.04,5655088
2017-02-06,100.90,101.71,100.02,100.17,6865582
2017-02-03,100.39,101.56,100.30,101.50,6196352
2017-02-02,100.84,101.47,100.56,101.28,5369995
2017-02-01,101.57,102.38,100.87,102.07,5735378
2017-01-31,101.31,102.09,100.06,100.24,7529383
2017-01-30,101.02,101.46,100.09,101.20,8618627
2017-01-27,102.07,102.70,101.29,102.25,8029740
2017-01-26,102.75,104.57,102.17,103.92,12502173
2017-01-25,104.06,104.27,101.90,102.46,23316527
2017-01-24,101.43,103.19,99.94,103.15,37173723
2017-01-23,98.41,98.67,96.26,96.48,14072077
2017-01-20,96.06,97.15,95.67,96.45,9678904
2017-01-19,96.17,96.70,95.58,96.42,7087780
2017-01-18,96.00,96.27,95.26,96.27,6607125
2017-01-17,96.12,96.59,95.00,96.32,6341944
2017-01-13,96.27,97.38,95.76,95.95,10699709
2017-01-12,95.90,96.85,94.80,96.85,8421616
2017-01-11,96.94,97.45,95.60,96.92,8730238
2017-01-10,96.75,97.90,95.55,96.40,14776962
2017-01-09,94.72,95.65,93.31,94.16,10825717
2017-01-06,93.89,94.50,93.00,94.40,7638216
2017-01-05,94.37,94.81,91.64,91.91,16816988
2017-01-04,90.51,90.89,88.58,88.99,11489724
2017-01-03,88.60,89.00,88.08,89.00,8789013
2016-12-30,87.81,88.10,87.20,87.57,7210118
2016-12-29,87.33,88.20,87.16,87.82,5465901
2016-12-28,87.37,88.75,87.22,88.30,6420059
2016-12-27,87.54,87.94,86.71,86.72,5227540
2016-12-23,86.79,87.68,86.62,86.62,6359213
2016-12-22,86.80,88.26,86.01,87.89,14402019
2016-12-21,89.25,90.43,89.25,89.96,9035260
2016-12-20,89.84,90.31,88.94,89.19,8434149
2016-12-19,88.93,89.82,88.41,88.61,10220670
2016-12-16,88.67,90.10,88.56,89.00,11340700
2016-12-15,88.85,90.60,88.74,90.00,19197250
2016-12-14,91.19,92.26,90.83,91.83,9152831
2016-12-13,92.16,93.73,91.87,92.80,10486934
2016-12-12,92.47,92.89,91.70,92.05,9355056
2016-12-09,93.28,93.64,92.28,92.51,9176649
2016-12-08,92.31,93.08,91.03,91.80,10918549
2016-12-07,91.07,91.65,89.50,90.52,13237657
2016-12-06,90.40,91.93,89.96,91.56,7787214
2016-12-05,90.99,91.40,89.57,90.05,8900846
2016-12-02,90.48,91.74,89.95,90.38,11712327
2016-12-01,89.86,94.06,89.18,94.00,24029255
2016-11-30,94.02,95.48,93.30,95.28,11447142
2016-11-29,94.99,96.06,93.39,93.67,14143845
2016-11-28,93.76,95.74,93.00,93.02,14336925
2016-11-25,93.01,93.75,92.77,93.55,4868511
2016-11-23,93.03,93.40,91.45,92.53,11741987
2016-11-22,93.21,94.42,93.16,94.24,10403494
2016-11-21,93.41,94.66,93.00,94.05,8958460
2016-11-18,93.39,95.30,92.67,94.85,10031921
2016-11-17,94.07,94.98,93.64,94.71,10379424
2016-11-16,92.86,93.68,91.33,91.39,14077985
2016-11-15,91.00,93.49,90.75,91.00,16720543
2016-11-14,89.77,92.54,87.88,92.45,27346246
2016-11-11,92.99,94.09,91.10,93.86,23716977
2016-11-10,94.34,98.50,92.22,98.34,27341227
2016-11-09,96.67,98.58,95.80,97.38,20937303
2016-11-08,99.85,99.99,98.36,99.39,8080970
2016-11-07,99.35,100.62,99.16,100.07,11196183
2016-11-04,97.57,98.79,96.67,96.90,9046829
2016-11-03,97.75,99.30,96.46,98.04,17410292
2016-11-02,98.51,104.10,97.30,103.85,37054067
2016-11-01,101.15,101.24,99.21,100.43,21268929
2016-10-31,101.69,103.21,101.42,102.65,15836933
2016-10-28,101.93,103.05,101.55,102.35,8477541
2016-10-27,102.38,104.11,101.85,103.38,8805942
2016-10-26,102.78,104.00,102.70,103.68,7579156
2016-10-25,104.22,105.20,104.02,104.86,8984158
2016-10-24,104.50,105.30,103.55,104.98,10896748
2016-10-21,103.94,103.94,102.75,103.70,8069429
2016-10-20,103.85,104.74,103.57,104.20,7104482
2016-10-19,103.93,104.80,103.65,104.33,8912399
2016-10-18,103.34,104.99,103.31,104.47,11087853
2016-10-17,102.84,103.47,101.27,101.50,10350118
2016-10-14,101.85,104.70,101.03,104.27,12785695
2016-10-13,102.15,102.55,99.00,102.06,22387487
2016-10-12,103.62,105.11,101.82,105.05,18434183
2016-10-11,105.23,107.97,104.75,107.89,14905888
2016-10-10,108.41,109.00,106.56,106.79,11516078
2016-10-07,106.00,107.55,105.56,106.89,8952564
2016-10-06,107.08,107.51,106.19,107.30,9884558
2016-10-05,106.96,107.45,105.66,105.87,13173956
2016-10-04,105.45,106.23,105.05,105.93,11067366
2016-10-03,105.38,106.29,104.98,105.45,10846647
2016-09-30,105.79,107.10,105.79,106.50,15575017
2016-09-29,105.55,106.69,104.57,106.51,30231368
2016-09-28,108.75,109.87,107.16,108.44,16339488
2016-09-27,108.26,108.49,106.37,106.52,17547900
2016-09-26,105.89,107.06,105.30,106.52,16801803
2016-09-23,107.71,108.40,106.71,108.25,23082726
2016-09-22,109.36,109.76,107.48,107.57,35623748
2016-09-21,106.00,106.19,102.21,102.46,22994913
2016-09-20,101.45,103.73,100.93,102.94,12861426
2016-09-19,103.03,105.50,102.20,105.16,15228110
2016-09-16,104.64,105.39,103.86,104.00,20361766
2016-09-15,104.45,104.48,102.53,102.62,20834576
2016-09-14,102.40,102.59,100.02,100.08,19599431
2016-09-13,100.28,101.49,98.84,100.38,20003490
2016-09-12,100.80,101.38,97.00,97.38,17315884
2016-09-09,99.62,102.21,99.05,101.80,21247442
2016-09-08,102.57,103.78,101.63,101.93,15474346
2016-09-07,102.32,104.00,102.26,103.84,15756126
2016-09-06,103.78,104.30,100.45,100.45,32799414
2016-09-02,99.25,99.67,97.97,97.97,17479022
2016-09-01,97.42,98.00,97.01,97.30,13386396
2016-08-31,97.19,97.20,96.01,96.14,28610395
2016-08-30,96.00,96.68,95.17,95.35,13990664
2016-08-29,94.88,95.16,94.21,94.60,8816199
2016-08-26,95.06,95.45,94.08,94.15,14127930
2016-08-25,93.94,94.69,93.12,93.75,13034568
2016-08-24,93.88,96.30,93.56,95.68,12722727
2016-08-23,95.79,96.48,95.41,95.59,9645970
2016-08-22,95.65,96.63,94.75,96.47,16222785
2016-08-19,96.86,97.24,96.34,96.91,14265149
2016-08-18,97.00,97.94,96.62,97.25,15007911
2016-08-17,97.00,97.25,96.05,96.17,14977171
2016-08-16,96.66,97.15,95.05,96.15,27510222
2016-08-15,97.17,98.86,96.82,98.28,33799357
2016-08-12,98.25,98.35,92.91,92.98,71948520
2016-08-11,91.77,92.80,91.26,92.14,54164984
2016-08-10,87.33,87.73,86.01,86.01,28167392
2016-08-09,85.24,85.63,84.80,85.05,15340759
2016-08-08,85.00,85.02,84.30,84.99,11524103
2016-08-05,84.59,85.08,84.44,85.01,9401038
2016-08-04,84.75,84.98,83.69,83.75,10731563
2016-08-03,83.67,83.84,83.17,83.30,5363908
2016-08-02,83.80,84.34,82.91,84.34,7690180
2016-08-01,84.34,84.80,82.59,82.79,13398443
2016-07-29,82.48,83.42,81.95,83.37,8709259
2016-07-28,83.12,83.49,82.12,83.46,7475926
2016-07-27,83.10,83.64,83.00,83.60,11621959
2016-07-26,83.59,83.63,82.63,82.86,7713434
2016-07-25,83.19,84.79,82.61,84.47,13183766
2016-07-22,84.49,84.50,83.81,84.00,5988370
2016-07-21,84.18,85.00,83.66,84.71,10191960
2016-07-20,84.42,84.70,83.23,83.27,13981317
2016-07-19,82.77,83.69,82.05,82.48,9793568
2016-07-18,82.65,82.79,80.60,80.60,12107716
2016-07-15,81.25,82.49,80.97,81.78,8918328
2016-07-14,81.74,82.24,80.86,81.18,9357817
2016-07-13,80.57,81.88,80.37,81.83,10733263
2016-07-12,81.74,82.88,81.51,81.79,15293895
2016-07-11,81.46,81.90,79.24,79.33,17416125
2016-07-08,78.99,79.35,77.80,78.44,14028975
2016-07-07,79.35,79.49,78.71,79.00,6817894
2016-07-06,78.64,78.82,77.68,78.47,7737637
2016-07-05,78.97,79.55,78.37,79.04,6843947
2016-07-01,79.65,80.05,79.12,79.12,7270759
2016-06-30,79.53,79.76,78.28,78.31,12484688
2016-06-29,78.04,78.48,76.90,76.98,11458248
2016-06-28,76.28,76.60,75.50,75.50,11263981
2016-06-27,74.23,76.29,73.30,75.80,15240323
2016-06-24,76.29,77.50,75.43,76.83,18223939
2016-06-23,79.14,79.46,78.55,79.16,8271728
2016-06-22,78.73,79.12,78.21,79.04,8170465
2016-06-21,78.62,79.08,78.40,78.75,8880760
2016-06-20,78.15,78.79,77.84,77.90,9621248
2016-06-17,77.00,78.45,76.48,78.45,15581950
2016-06-16,78.27,78.40,76.20,77.84,13569178
2016-06-15,78.39,78.77,77.51,78.31,14732924
2016-06-14,77.77,78.45,76.75,76.89,22356092
2016-06-13,75.45,76.46,74.85,75.25,11296597
2016-06-10,75.92,77.05,75.76,76.43,10420194
2016-06-09,77.56,78.07,76.78,77.39,8993749
2016-06-08,77.64,78.53,77.38,78.00,11610545
2016-06-07,77.84,78.37,77.32,78.19,12876692
2016-06-06,78.06,78.33,76.70,77.11,19165856
2016-06-03,76.62,77.80,75.71,77.24,23683856
2016-06-02,77.30,77.75,76.56,76.65,45377289
2016-06-01,76.69,80.14,76.55,79.15,62511763
2016-05-31,82.00,82.03,80.20,81.00,78831973
2016-05-27,80.97,81.00,78.39,78.49,24549599
2016-05-26,78.35,78.86,76.80,76.99,26964310
2016-05-25,75.59,79.20,74.12,78.53,49666287
2016-05-24,81.12,81.31,79.07,79.17,16702130
2016-05-23,79.00,79.50,78.60,78.95,7187006
2016-05-20,78.79,79.45,78.35,79.07,11043622
2016-05-19,78.32,79.26,77.60,78.65,8317350
2016-05-18,79.03,80.00,78.47,78.71,9084812
2016-05-17,79.35,80.20,79.31,79.83,10970576
2016-05-16,79.29,79.93,77.59,77.86,11660032
2016-05-13,77.16,79.16,76.97,78.83,10074849
2016-05-12,79.16,80.45,78.32,80.01,8791051
2016-05-11,79.80,80.49,79.41,79.43,11071496
2016-05-10,79.72,79.98,79.15,79.79,9318849
2016-05-09,79.41,79.98,78.89,78.94,11795308
2016-05-06,79.20,79.72,78.25,78.35,12858454
2016-05-05,78.83,79.94,78.10,79.52,27950651
2016-05-04,75.82,75.91,75.01,75.64,14315359
2016-05-03,75.91,76.27,75.43,75.96,8018160
2016-05-02,76.61,77.00,75.94,76.89,7716288
2016-04-29,76.94,77.28,75.66,76.81,10124220
2016-04-28,76.40,77.90,76.09,77.65,9958400
2016-04-27,77.65,78.62,76.57,78.30,11490555
2016-04-26,78.61,79.56,77.80,78.85,9631578
2016-04-25,78.84,79.84,78.68,79.80,9205564
2016-04-22,79.89,85.89,79.16,80.12,8648189
2016-04-21,80.78,81.78,80.20,81.08,8817608
2016-04-20,81.21,81.74,78.99,79.00,14911832
2016-04-19,79.46,80.48,78.47,79.20,14741162
2016-04-18,79.01,79.12,77.71,78.52,7765640
2016-04-15,78.97,79.75,78.46,79.45,11707500
2016-04-14,79.61,79.86,78.36,79.31,12610954
2016-04-13,79.64,79.72,78.50,78.74,14147655
2016-04-12,77.86,78.24,76.87,78.00,7113401
2016-04-11,77.71,78.59,77.43,78.07,7896352
2016-04-08,77.47,78.76,76.62,78.27,8400433
2016-04-07,77.61,78.60,77.18,77.60,10937309
2016-04-06,78.68,79.15,77.19,77.30,9066283
2016-04-05,77.32,78.30,76.91,78.20,9601972
2016-04-04,79.08,79.55,78.32,78.33,9816080
2016-04-01,78.73,79.02,78.20,78.24,9261414
2016-03-31,79.03,79.84,78.41,78.50,11318226
2016-03-30,78.86,79.55,78.54,79.01,10695134
2016-03-29,78.08,78.24,75.57,75.60,12533633
2016-03-28,76.48,76.89,74.90,76.45,6081751
2016-03-24,75.86,76.15,73.53,75.15,8833087
2016-03-23,76.56,78.98,76.15,78.16,10806239
2016-03-22,78.18,78.55,76.91,77.00,9146958
2016-03-21,78.11,79.68,76.94,77.09,15492140
2016-03-18,76.25,76.30,74.71,74.97,13350092
2016-03-17,74.25,74.37,73.51,73.76,3160249
2016-03-16,73.50,73.66,71.86,72.01,7700551
2016-03-15,72.23,72.84,71.75,72.62,8373021
2016-03-14,73.35,74.42,72.89,74.01,11069651
2016-03-11,74.01,74.01,72.22,72.58,11217531
2016-03-10,71.97,73.05,70.61,72.50,11247668
2016-03-09,72.43,72.61,70.68,71.59,7282257
2016-03-08,71.07,72.65,70.96,72.40,8669134
2016-03-07,72.89,73.98,72.00,72.20,11243277
2016-03-04,72.22,72.96,70.72,70.96,10762945
2016-03-03,71.02,72.59,70.46,71.31,11595213
2016-03-02,71.25,72.04,70.75,72.04,10501057
2016-03-01,70.86,71.84,69.86,70.02,14005120
2016-02-29,68.81,70.58,67.56,67.64,17983242
2016-02-26,66.91,68.83,66.86,68.09,12079803
2016-02-25,66.66,66.72,64.66,65.67,14678010
2016-02-24,67.23,67.69,65.21,66.17,10775775
2016-02-23,66.97,68.66,66.47,68.50,12929767
2016-02-22,68.84,69.53,67.98,68.30,13404963
2016-02-19,67.28,67.75,66.09,66.80,12333347
2016-02-18,66.52,68.50,66.23,67.00,14546878
2016-02-17,66.38,67.39,65.68,67.17,14455065
2016-02-16,66.29,66.89,64.04,64.42,21725913
2016-02-12,60.89,62.78,60.28,61.27,13666786
2016-02-11,60.57,61.63,59.85,60.25,15007002
2016-02-10,61.78,63.09,60.87,61.90,8997243
2016-02-09,61.39,62.22,59.25,60.11,12737867
2016-02-08,61.10,62.05,60.45,60.90,16155286
2016-02-05,62.64,64.86,62.18,64.71,12841443
2016-02-04,64.86,65.72,63.10,64.33,22910795
2016-02-03,63.44,65.73,60.87,65.60,31916760
2016-02-02,65.09,67.74,64.66,67.05,19148876
2016-02-01,67.03,67.70,65.35,66.50,16212602
2016-01-29,67.03,68.93,65.40,67.98,25587578
2016-01-28,66.92,73.15,66.67,72.55,33155477
2016-01-27,69.54,71.42,68.75,69.96,18235002
2016-01-26,69.77,70.19,68.88,69.01,11468135
2016-01-25,69.72,70.80,69.02,70.80,14782202
2016-01-22,70.37,73.34,69.89,72.51,15831052
2016-01-21,70.72,71.65,67.14,68.78,16563667
2016-01-20,68.71,69.11,65.34,68.03,19451536
2016-01-19,70.13,72.31,69.81,71.94,17417779
2016-01-15,69.59,71.00,67.54,68.70,20719795
2016-01-14,72.25,72.72,68.27,70.29,17718647
2016-01-13,70.29,73.24,70.22,72.77,12467328
2016-01-12,72.68,72.77,71.00,71.45,13451976
2016-01-11,69.92,71.73,69.02,71.29,16959689
2016-01-08,70.80,74.66,70.67,74.33,20813177
2016-01-07,72.72,75.50,71.54,73.29,27282890
2016-01-06,77.33,78.49,76.97,77.12,11565711
2016-01-05,78.63,78.68,77.26,77.92,14256391
2016-01-04,76.69,78.31,75.18,78.18,23057981
2015-12-31,81.27,82.17,81.25,81.48,6744307
2015-12-30,81.68,83.11,81.50,82.95,6982019
2015-12-29,83.26,83.51,82.41,82.50,6942446
2015-12-28,82.14,82.75,81.52,82.56,9318765
2015-12-24,83.71,84.80,83.41,84.56,3775327
2015-12-23,84.80,85.09,83.72,85.05,11238023
2015-12-22,84.84,85.10,82.89,82.89,12777796
2015-12-21,82.87,83.73,82.43,83.15,8093551
2015-12-18,82.65,83.75,82.03,83.20,12168392
2015-12-17,83.56,85.32,82.85,85.00,12998985
2015-12-16,84.63,85.05,83.00,83.30,16573779
2015-12-15,82.49,83.39,80.90,81.06,13052529
2015-12-14,80.57,80.76,78.99,80.15,12074881
2015-12-11,79.74,83.05,79.42,82.85,20789918
2015-12-10,84.33,84.34,82.85,83.34,10464228
2015-12-09,83.42,85.20,82.97,84.37,21912042
2015-12-08,84.38,84.67,82.61,82.77,14661649
2015-12-07,84.76,85.13,84.20,84.80,11874979
2015-12-04,84.85,85.00,82.42,82.58,15552723
2015-12-03,82.59,85.10,82.10,85.05,23022687
2015-12-02,85.00,85.82,84.25,84.27,36609078
2015-12-01,84.00,84.39,83.50,83.77,26215997
2015-11-30,84.08,84.47,81.38,81.50,97884086
2015-11-27,81.38,81.41,79.28,80.57,12600339
2015-11-25,81.71,82.68,80.82,80.91,16329910
2015-11-24,80.86,81.11,79.27,80.85,15280532
2015-11-23,81.31,82.19,79.97,80.45,18763944
2015-11-20,79.95,80.79,78.40,78.44,21024028
2015-11-19,77.87,79.15,77.40,78.06,15689560
2015-11-18,77.69,78.31,76.15,78.25,16734514
2015-11-17,78.13,79.14,77.47,78.90,12470586
2015-11-16,78.30,78.75,75.77,75.83,17041841
2015-11-13,75.85,78.00,75.64,77.15,24225785
2015-11-12,78.76,80.50,78.45,78.99,18833597
2015-11-11,79.85,82.49,78.12,82.28,29623835
2015-11-10,81.43,82.43,79.62,81.10,21989844
2015-11-09,81.38,83.47,80.22,82.42,19084860
2015-11-06,83.61,86.35,80.77,85.53,38526480
2015-11-05,85.38,86.42,84.20,85.22,20640685
2015-11-04,85.40,85.60,84.03,84.45,23717360
2015-11-03,83.44,84.59,83.13,84.00,11640502
2015-11-02,84.35,84.83,82.75,83.52,13825598
2015-10-30,83.83,84.44,82.60,82.70,20733797
2015-10-29,82.22,82.53,80.82,81.97,16423146
2015-10-28,82.35,82.55,79.20,79.48,25018757
2015-10-27,79.44,82.79,78.25,82.11,50801808
2015-10-26,76.35,77.42,75.13,75.44,24784055
2015-10-23,75.62,75.76,72.84,73.98,22508967
2015-10-22,70.99,71.63,70.07,70.16,10804891
2015-10-21,69.48,71.79,68.89,71.66,16859702
2015-10-20,71.79,73.00,71.55,72.99,11089813
2015-10-19,72.65,73.00,71.52,71.80,10885831
2015-10-16,71.99,73.64,71.21,72.50,15950205
2015-10-15,71.78,72.44,69.26,69.34,18199651
2015-10-14,68.54,69.70,67.43,69.50,12283917
2015-10-13,69.68,70.32,68.38,69.49,13051831
2015-10-12,70.30,70.47,69.00,69.64,15544796
2015-10-09,68.71,69.45,67.31,68.20,14758656
2015-10-08,67.70,68.41,65.96,66.04,18665045
2015-10-07,66.28,66.66,64.38,64.84,15797378
2015-10-06,63.92,64.73,63.28,63.72,9617369
2015-10-05,63.93,64.78,62.20,63.47,13582918
2015-10-02,63.20,63.24,58.20,58.36,22352151
2015-10-01,58.87,59.83,58.23,59.50,8147124
2015-09-30,58.97,60.08,58.35,58.87,16765709
2015-09-29,57.82,58.65,57.20,57.30,16769820
2015-09-28,57.39,60.12,57.32,58.81,20657342
2015-09-25,59.24,60.84,58.92,60.63,17002977
2015-09-24,59.92,60.34,58.21,59.42,20638841
2015-09-23,60.00,62.30,59.68,61.96,22679848
2015-09-22,61.90,63.27,61.58,62.94,14895600
2015-09-21,63.90,66.40,62.96,65.38,22351152
2015-09-18,65.75,65.75,64.01,65.40,20117918
2015-09-17,66.00,66.65,65.60,66.41,16594076
2015-09-16,67.23,68.08,65.26,65.61,25798387
2015-09-15,64.85,65.36,61.11,61.45,29032080
2015-09-14,62.60,63.26,61.48,62.55,26757603
2015-09-11,64.63,64.79,62.70,63.37,17739310
2015-09-10,63.83,64.25,63.34,63.52,13280177
2015-09-09,64.04,64.67,62.53,62.73,33145635
2015-09-08,60.91,66.81,60.25,65.78,50306731
2015-09-04,63.91,65.57,63.34,65.41,18182729
2015-09-03,66.47,66.89,65.41,65.82,15800816
2015-09-02,65.54,66.00,64.97,65.69,13374519
2015-09-01,64.83,66.84,64.05,64.38,23461130
2015-08-31,66.12,69.30,66.02,69.18,18468552
2015-08-28,70.07,70.50,69.05,69.68,10604388
2015-08-27,70.84,71.59,70.02,70.84,18121837
2015-08-26,68.66,69.45,65.75,68.95,26384090
2015-08-25,68.57,70.33,67.49,68.84,29931626
2015-08-24,65.80,67.48,58.00,58.16,31370443
2015-08-21,68.18,70.66,68.18,69.32,29124133
2015-08-20,70.32,72.78,70.03,71.98,20993569
2015-08-19,73.12,73.56,72.81,73.15,18174173
2015-08-18,73.88,75.13,73.73,74.05,11151792
2015-08-17,75.19,75.24,74.16,74.85,12675436
2015-08-14,74.76,75.49,74.46,74.53,12364791
2015-08-13,75.11,76.73,73.66,74.00,23226118
2015-08-12,73.38,73.85,71.03,72.32,41176655
2015-08-11,77.34,80.00,76.15,79.48,22958112
2015-08-10,80.47,80.99,79.50,79.86,11272562
2015-08-07,78.82,80.20,78.66,79.65,8737916
2015-08-06,78.96,80.75,78.64,79.85,9296087
2015-08-05,79.82,80.42,79.48,79.59,7502200
2015-08-04,78.87,79.35,77.80,78.07,8499174
2015-08-03,77.99,78.50,77.11,78.20,9271488
2015-07-31,78.34,79.91,78.20,79.85,12685153
2015-07-30,79.96,80.64,79.45,80.11,6934278
2015-07-29,80.26,81.37,80.01,80.98,7175830
2015-07-28,80.56,80.80,79.25,80.67,12119416
2015-07-27,81.40,81.70,79.68,80.85,12178161
2015-07-24,83.02,85.38,82.65,85.17,8759200
2015-07-23,83.88,84.97,83.25,84.66,7443289
2015-07-22,84.15,84.75,82.00,82.16,11207318
2015-07-21,82.54,83.25,82.22,83.11,5750138
2015-07-20,82.67,83.68,82.05,83.56,8123121
2015-07-17,83.36,83.70,81.58,81.99,14499602
2015-07-16,81.53,82.00,80.90,81.39,8591570
2015-07-15,80.73,81.50,80.21,80.90,9511813
2015-07-14,81.50,82.02,81.13,81.58,7517161
2015-07-13,81.86,82.20,80.70,80.92,10346278
2015-07-10,80.30,81.20,79.84,81.13,11221859
2015-07-09,79.04,81.19,79.04,80.93,19775093
2015-07-08,77.94,78.79,76.22,76.58,22698611
2015-07-07,79.62,79.79,76.21,79.45,34219149
2015-07-06,80.23,81.50,80.12,80.56,11859683
2015-07-02,82.07,82.32,81.78,82.12,6759495
2015-07-01,82.46,83.00,81.99,82.60,5945338
2015-06-30,82.27,83.69,81.96,82.58,12624410
2015-06-29,81.07,82.88,80.80,81.64,15196308
2015-06-26,83.28,84.65,82.82,84.63,12665629
2015-06-25,85.24,85.60,84.90,85.47,8921481
2015-06-24,85.17,85.81,84.85,85.16,9433644
2015-06-23,85.08,86.34,84.83,85.98,11407507
2015-06-22,85.68,86.40,85.58,86.07,7145191
2015-06-19,85.74,86.60,85.17,86.51,10287124
2015-06-18,86.75,87.59,86.32,86.97,11731827
2015-06-17,86.80,87.80,86.48,86.58,10238999
2015-06-16,86.09,86.70,85.61,86.00,10973315
2015-06-15,86.12,87.17,86.05,86.30,10213275
2015-06-12,86.63,87.79,86.48,87.42,9972368
2015-06-11,87.21,89.48,87.10,89.03,13709684
2015-06-10,88.90,88.99,87.20,87.70,12549424
2015-06-09,87.58,88.18,86.12,88.04,16078009
2015-06-08,88.29,91.60,88.24,90.65,15690252
2015-06-05,90.71,91.60,90.46,90.46,11351204
2015-06-04,90.59,91.41,90.27,90.71,8682641
2015-06-03,90.79,91.04,89.90,90.73,9421776
2015-06-02,90.51,91.54,90.19,90.55,9863293
2015-06-01,90.78,90.99,89.49,90.09,9903610
2015-05-29,89.32,91.50,89.32,91.35,13888066
2015-05-28,90.95,91.93,90.58,91.69,14208633
2015-05-27,92.60,92.99,91.60,92.22,9505333
2015-05-26,92.52,93.92,91.55,93.65,15670677
2015-05-22,93.27,95.06,93.19,94.28,22176060
2015-05-21,93.88,94.77,90.92,91.35,40702107
2015-05-20,90.70,90.80,87.30,88.14,29801701
2015-05-19,88.21,88.80,86.47,86.99,20716303
2015-05-18,87.11,87.93,86.61,87.61,13487586
2015-05-15,88.46,88.96,88.05,88.51,13422362
2015-05-14,88.40,88.48,87.53,87.74,12082135
2015-05-13,87.53,88.47,87.00,87.08,19010374
2015-05-12,86.77,87.50,86.14,87.05,16072489
2015-05-11,86.72,87.67,86.06,86.70,19775461
2015-05-08,87.06,88.27,86.89,87.82,30136017
2015-05-07,86.00,89.29,84.91,88.83,69425825
2015-05-06,80.00,80.85,79.51,79.65,24933611
2015-05-05,79.54,80.90,77.77,80.44,32649819
2015-05-04,80.59,81.56,80.12,81.17,21537799
2015-05-01,81.17,82.25,80.11,81.03,17907774
2015-04-30,81.29,82.65,80.44,82.22,14204716
2015-04-29,82.45,84.40,81.64,84.06,21092473
2015-04-28,85.08,85.57,83.82,85.54,11105419
2015-04-27,84.90,86.27,84.65,85.53,17428252
2015-04-24,84.57,84.99,82.80,82.88,21056475
2015-04-23,82.28,82.75,81.62,81.88,11473229
2015-04-22,82.05,82.84,81.52,82.78,13309754
2015-04-21,82.42,82.92,82.14,82.86,10051731
2015-04-20,82.20,82.69,81.52,82.25,13469770
2015-04-17,81.90,83.25,81.61,83.08,22784114
2015-04-16,84.06,85.40,83.89,85.15,12042048
2015-04-15,84.67,85.36,84.16,85.08,12223923
2015-04-14,85.00,85.13,83.53,84.63,11813637
2015-04-13,84.28,85.71,83.82,85.16,15795443
2015-04-10,84.58,86.69,84.15,86.68,18295725
2015-04-09,86.14,87.69,85.20,87.03,27797554
2015-04-08,85.39,85.54,83.07,83.30,26151641
2015-04-07,82.21,82.95,81.88,81.94,9437842
2015-04-06,81.82,82.59,81.61,82.05,12806282
2015-04-02,82.28,83.00,81.25,82.88,19865973
2015-04-01,82.36,83.72,82.18,83.37,14895750
2015-03-31,83.24,84.45,83.20,83.64,11810261
2015-03-30,83.90,85.15,83.75,84.87,10017292
2015-03-27,84.58,85.15,83.34,84.78,9700837
2015-03-26,84.17,85.00,82.96,83.20,12202458
2015-03-25,83.75,84.48,82.67,83.94,13504201
2015-03-24,83.63,84.50,82.39,84.35,14539272
2015-03-23,84.25,85.53,84.21,85.25,11177574
2015-03-20,85.20,86.80,85.09,86.33,21177585
2015-03-19,85.74,87.04,85.00,85.11,30452838
2015-03-18,84.59,85.95,83.30,83.87,35652144
2015-03-17,84.50,85.10,83.51,84.01,17616665
2015-03-16,84.00,85.20,81.94,82.01,16903700
2015-03-13,81.86,81.92,80.77,81.80,12659615
2015-03-12,81.92,82.90,81.53,82.10,11229263
2015-03-11,81.99,83.38,81.19,83.00,12765558
2015-03-10,82.97,83.15,80.65,81.09,13804848
2015-03-09,82.53,84.35,81.48,84.35,17609246
2015-03-06,84.40,86.00,84.05,85.74,10673713
2015-03-05,86.10,86.27,84.01,85.75,18514791
2015-03-04,85.49,85.83,80.17,80.27,36607207
2015-03-03,81.58,83.25,80.03,82.95,39246079
2015-03-02,84.00,85.02,83.75,85.00,11213400
2015-02-27,85.12,86.56,85.00,85.95,8377156
2015-02-26,85.37,87.16,85.20,86.92,8763283
2015-02-25,86.19,86.83,84.36,84.38,13645741
2015-02-24,84.69,85.53,83.88,85.53,15846433
2015-02-23,85.47,86.68,85.25,86.51,9367921
2015-02-20,86.64,87.29,86.38,87.25,7821725
2015-02-19,86.89,87.87,86.71,86.81,7604050
2015-02-18,86.74,87.43,86.50,87.10,7422267
2015-02-17,86.85,88.99,86.70,88.78,15191655
2015-02-13,89.05,89.30,87.65,88.20,14665220
2015-02-12,87.10,88.30,85.55,85.60,15177782
2015-02-11,86.00,87.70,85.82,87.58,12391883
2015-02-10,87.26,87.47,86.52,87.01,12043343
2015-02-09,86.00,86.75,85.47,85.83,12109549
2015-02-06,85.68,87.40,85.42,87.11,17632088
2015-02-05,87.00,89.84,86.10,89.58,28926155
2015-02-04,90.00,91.88,89.48,90.99,14643641
2015-02-03,90.61,91.65,89.90,91.65,13512263
2015-02-02,90.13,91.66,88.61,91.13,18865339
2015-01-30,89.08,92.00,88.11,89.60,36806855
2015-01-29,89.81,90.74,87.36,90.53,76561394
2015-01-28,98.45,101.49,97.79,100.30,42144722
2015-01-27,102.94,103.57,100.58,102.89,15659923
2015-01-26,103.99,105.13,103.33,104.40,10664933
2015-01-23,103.11,105.20,103.02,104.02,9873817
2015-01-22,104.00,104.92,103.10,104.60,11432954
2015-01-21,103.29,103.86,100.32,100.75,15186903
2015-01-20,100.04,100.21,97.59,98.30,12105566
2015-01-16,96.89,97.80,95.52,96.09,13327946
2015-01-15,96.31,100.14,96.02,99.67,18260075
2015-01-14,99.58,100.18,98.06,99.28,17807989
2015-01-13,100.77,102.85,100.01,102.59,11294447
2015-01-12,101.62,103.36,101.21,103.20,7997243
2015-01-09,103.02,105.30,102.89,105.24,10222235
2015-01-08,105.03,105.34,102.68,102.95,12942054
2015-01-07,102.13,104.74,102.03,104.59,11052156
2015-01-06,103.32,103.85,100.11,101.25,15720408
2015-01-05,101.00,103.02,99.90,102.76,18337015
2015-01-02,103.60,104.72,102.52,104.24,12303388
2014-12-31,103.94,106.47,103.69,106.46,10283426
2014-12-30,105.75,106.71,105.13,105.64,10205745
2014-12-29,105.98,107.66,105.64,105.95,8068606
2014-12-26,105.95,106.94,105.50,105.99,6529104
2014-12-24,105.95,107.21,105.60,105.68,5870358
2014-12-23,105.52,108.47,103.88,108.30,19096295
2014-12-22,108.77,110.98,108.53,110.63,13041238
2014-12-19,110.65,110.65,108.04,109.93,14857753
2014-12-18,109.25,111.20,108.26,110.58,22788099
2014-12-17,109.02,109.19,106.28,107.11,17311145
2014-12-16,105.77,107.68,103.70,103.75,21700589
2014-12-15,104.70,107.77,103.70,106.39,16521759
2014-12-12,105.11,107.45,104.18,104.70,14537588
2014-12-11,104.97,106.84,104.29,104.44,15684278
2014-12-10,103.88,107.38,103.51,107.09,18466661
2014-12-09,107.48,107.95,101.20,102.27,24866811
2014-12-08,105.07,107.40,104.21,105.97,19217254
2014-12-05,107.90,110.35,107.76,109.60,12148064
2014-12-04,109.17,110.50,108.91,110.10,10860303
2014-12-03,110.64,111.68,108.80,110.40,16221061
2014-12-02,109.89,110.00,106.61,107.35,18785046
2014-12-01,105.99,110.05,103.90,110.02,38464170
2014-11-28,111.64,113.23,111.11,113.14,8077842
2014-11-26,112.67,113.74,112.33,113.33,11832909
2014-11-25,113.47,115.17,112.33,114.94,23484800
2014-11-24,113.92,113.93,111.55,112.00,20645684
2014-11-21,110.73,113.50,110.44,113.21,27432207
2014-11-20,109.82,112.44,107.26,107.81,36489321
2014-11-19,108.82,110.68,107.22,109.83,46840584
2014-11-18,110.81,114.38,110.41,114.33,41097971
2014-11-17,114.25,115.63,113.13,115.44,22573052
2014-11-14,115.10,115.39,113.35,115.06,29848790
2014-11-13,114.84,120.00,114.55,119.30,62162512
2014-11-12,118.20,119.07,114.02,115.05,53908024
2014-11-11,114.54,117.55,113.69,117.25,71152418
2014-11-10,119.15,119.45,115.20,117.27,75970621
2014-11-07,114.56,114.77,111.75,112.93,51457292
2014-11-06,111.57,111.70,107.21,109.30,33608596
2014-11-05,108.67,110.14,106.48,108.48,48344248
2014-11-04,106.07,106.36,99.51,100.43,67814005
2014-11-03,101.80,102.80,99.05,99.67,40883730
2014-10-31,98.60,100.22,98.14,100.10,18128280
2014-10-30,98.73,99.44,97.30,98.48,15484601
2014-10-29,98.31,100.00,96.82,99.88,28655356
2014-10-28,99.68,100.67,98.61,99.84,32127642
2014-10-27,97.79,98.85,96.30,97.00,28302370
2014-10-24,95.76,98.00,94.78,95.07,32132556
2014-10-23,94.45,94.70,92.82,92.92,20640967
2014-10-22,91.63,93.50,91.01,92.25,20364544
2014-10-21,90.90,92.50,88.50,89.10,23243839
2014-10-20,88.26,89.50,87.86,88.00,9891384
2014-10-17,87.91,90.90,87.67,90.40,17360731
2014-10-16,88.85,89.18,84.02,84.98,15231729
2014-10-15,85.60,86.49,82.81,84.04,16824274
2014-10-14,84.95,85.88,83.22,85.81,15567286
2014-10-13,85.12,86.89,84.92,86.85,14845004
2014-10-10,85.88,88.74,85.24,88.25,15431445
2014-10-09,88.79,90.35,88.00,88.51,21506963
2014-10-08,88.30,88.50,87.06,88.00,10259807
2014-10-07,87.67,89.70,87.06,87.95,12791745
2014-10-06,88.31,89.65,88.06,89.15,9276113
2014-10-03,88.10,89.94,87.65,88.10,18485725
2014-10-02,87.06,88.20,85.61,86.27,21469688
2014-10-01,86.10,88.94,86.04,88.70,24029603
2014-09-30,88.85,90.88,88.46,89.00,24419426
2014-09-29,88.75,89.70,88.02,89.62,25302002
2014-09-26,90.46,90.46,88.66,89.73,18339716
2014-09-25,88.92,91.50,88.50,91.09,28597506
2014-09-24,90.57,90.57,87.22,88.47,32088108
2014-09-23,87.17,90.48,86.62,88.94,39009788
2014-09-22,89.89,92.95,89.50,92.70,66657827
2014-09-19,93.89,99.70,89.95,92.70,271879435
